Species primary name,Species tertiary name,BirdMAP ID,Date,Time,Seen/Heard,Latitude,Longitude,Notes,Count,Count exact,Dead/Alive,Altitude,Ring number,Age count - Adult,Age count - Sub-adult,Age count - Immature,Age count - Juvenile,Age count - Chick,Gender count - Male,Gender count - Female,Breeding status,Colouration,Fed by,Feeding,Flight direction,Habitat,Roosting site,Sighting direction,Sighting distance,Activity,Feeding on,Nest count,Nest count type,Nest site,At colony,Colony type,Colony description,ISO date
House Crow,Corvus splendens,989,2020-07-09,06:02,Heard,-3.361442,39.919132,,1,false,Alive,10,,0,0,0,0,0,0,0,Not specified,Not specified,Not specified,Not specified,Not specified,Not Specified:Other,Not specified,Not specified,,Not specified,Not specified,0,Not specified,Not specified,Not specified,Not specified,Not specified,2020-07-09T06:02:31.543+0300
White-browed Scrub Robin,Cercotrichas leucophrys,588,2020-07-09,06:03,Heard,-3.361453,39.91913,,1,false,Alive,11,,0,0,0,0,0,0,0,Not specified,Not specified,Not specified,Not specified,Not specified,Not Specified:Other,Not specified,Not specified,,Not specified,Not specified,0,Not specified,Not specified,Not specified,Not specified,Not specified,2020-07-09T06:03:11.478+0300
Common Drongo,Dicrurus adsimilis,517,2020-07-09,06:03,Heard,-3.361465,39.919142,,1,false,Alive,10,,0,0,0,0,0,0,0,Not specified,Not specified,Not specified,Not specified,Not specified,Not Specified:Other,Not specified,Not specified,,Not specified,Not specified,0,Not specified,Not specified,Not specified,Not specified,Not specified,2020-07-09T06:03:47.715+0300
Striped Kingfisher,Halcyon chelicuti,403,2020-07-09,06:06,Heard,-3.361747,39.918792,,1,false,Alive,10,,0,0,0,0,0,0,0,Not specified,Not specified,Not specified,Not specified,Not specified,Not Specified:Other,Not specified,Not specified,,Not specified,Not specified,0,Not specified,Not specified,Not specified,Not specified,Not specified,2020-07-09T06:06:03.645+0300
Ring-necked Dove,Streptopelia capicola,316,2020-07-09,06:06,Heard,-3.361762,39.918784,,1,false,Alive,10,,0,0,0,0,0,0,0,Not specified,Not specified,Not specified,Not specified,Not specified,Not Specified:Other,Not specified,Not specified,,Not specified,Not specified,0,Not specified,Not specified,Not specified,Not specified,Not specified,2020-07-09T06:06:35.259+0300
Common Bulbul,Pycnonotus barbatus,11491,2020-07-09,06:07,Heard,-3.361745,39.918825,,1,false,Alive,11,,0,0,0,0,0,0,0,Not specified,Not specified,Not specified,Not specified,Not specified,Not Specified:Other,Not specified,Not specified,,Not specified,Not specified,0,Not specified,Not specified,Not specified,Not specified,Not specified,2020-07-09T06:07:40.747+0300
Tawny-flanked Prinia,Prinia subflava,649,2020-07-09,06:11,Heard,-3.362233,39.9183,,1,false,Alive,14,,0,0,0,0,0,0,0,Not specified,Not specified,Not specified,Not specified,Not specified,Not Specified:Other,Not specified,Not specified,,Not specified,Not specified,0,Not specified,Not specified,Not specified,Not specified,Not specified,2020-07-09T06:11:34.829+0300
Red-cheeked Cordon-bleu,Uraeginthus bengalus,3974,2020-07-09,06:14,Heard,-3.362985,39.918113,,1,false,Alive,12,,0,0,0,0,0,0,0,Not specified,Not specified,Not specified,Not specified,Not specified,Not Specified:Other,Not specified,Not specified,,Not specified,Not specified,0,Not specified,Not specified,Not specified,Not specified,Not specified,2020-07-09T06:14:54.099+0300
Black-crowned Tchagra,Tchagra senegalus,715,2020-07-09,06:15,Heard,-3.363056,39.918059,,1,false,Alive,12,,0,0,0,0,0,0,0,Not specified,Not specified,Not specified,Not specified,Not specified,Not Specified:Other,Not specified,Not specified,,Not specified,Not specified,0,Not specified,Not specified,Not specified,Not specified,Not specified,2020-07-09T06:15:34.885+0300
Amethyst Sunbird,Chalcomitra amethystina,772,2020-07-09,06:18,Heard,-3.363675,39.917911,,1,false,Alive,12,,0,0,0,0,0,0,0,Not specified,Not specified,Not specified,Not specified,Not specified,Not Specified:Other,Not specified,Not specified,,Not specified,Not specified,0,Not specified,Not specified,Not specified,Not specified,Not specified,2020-07-09T06:18:05.227+0300
White-browed Coucal,Centropus superciliosus,1036,2020-07-09,06:21,Heard,-3.363843,39.917303,,1,false,Alive,13,,0,0,0,0,0,0,0,Not specified,Not specified,Not specified,Not specified,Not specified,Not Specified:Other,Not specified,Not specified,,Not specified,Not specified,0,Not specified,Not specified,Not specified,Not specified,Not specified,2020-07-09T06:21:35.035+0300
Northern Grey-headed Sparrow (Parrot-billed),Passer griseus gongonensis,3834,2020-07-09,06:23,Seen,-3.363996,39.916977,,1,false,Alive,12,,0,0,0,0,0,0,0,Not specified,Not specified,Not specified,Not specified,Not specified,Not Specified:Other,Not specified,Not specified,,Not specified,Not specified,0,Not specified,Not specified,Not specified,Not specified,Not specified,2020-07-09T06:23:11.355+0300
African Palm Swift,Cypsiurus parvus,387,2020-07-09,06:23,Seen,-3.364013,39.916923,,1,false,Alive,11,,0,0,0,0,0,0,0,Not specified,Not specified,Not specified,Not specified,Not specified,Not Specified:Other,Not specified,Not specified,,Not specified,Not specified,0,Not specified,Not specified,Not specified,Not specified,Not specified,2020-07-09T06:23:32.361+0300
Red-eyed Dove,Streptopelia semitorquata,314,2020-07-09,06:25,Heard,-3.364458,39.916548,,1,false,Alive,13,,0,0,0,0,0,0,0,Not specified,Not specified,Not specified,Not specified,Not specified,Not Specified:Other,Not specified,Not specified,,Not specified,Not specified,0,Not specified,Not specified,Not specified,Not specified,Not specified,2020-07-09T06:25:53.233+0300
Black-headed Heron,Ardea melanocephala,55,2020-07-09,06:28,Seen,-3.364852,39.916319,,1,false,Alive,11,,0,0,0,0,0,0,0,Not specified,Not specified,Not specified,Not specified,Not specified,Not Specified:Other,Not specified,Not specified,,Not specified,Not specified,0,Not specified,Not specified,Not specified,Not specified,Not specified,2020-07-09T06:28:05.042+0300
Lizard Buzzard,Kaupifalco monogrammicus,144,2020-07-09,06:33,Seen,-3.365441,39.914877,,1,false,Alive,11,,0,0,0,0,0,0,0,Not specified,Not specified,Not specified,Not specified,Not specified,Not Specified:Other,Not specified,Not specified,,Not specified,Not specified,0,Not specified,Not specified,Not specified,Not specified,Not specified,2020-07-09T06:33:47.520+0300
Village Weaver,Ploceus cucullatus,797,2020-07-09,06:48,Heard,-3.367472,39.911684,,1,false,Alive,28,,0,0,0,0,0,0,0,Not specified,Not specified,Not specified,Not specified,Not specified,Not Specified:Other,Not specified,Not specified,,Not specified,Not specified,0,Not specified,Not specified,Not specified,Not specified,Not specified,2020-07-09T06:48:22.614+0300
East Coast Boubou,Laniarius sublacteus,7867,2020-07-09,06:57,Heard,-3.367142,39.909332,,1,false,Alive,24,,0,0,0,0,0,0,0,Not specified,Not specified,Not specified,Not specified,Not specified,Not Specified:Other,Not specified,Not specified,,Not specified,Not specified,0,Not specified,Not specified,Not specified,Not specified,Not specified,2020-07-09T06:57:05.365+0300
Unidentified,Unidentified,0,2020-07-09,06:58,Seen,-3.367483,39.909218,"We stopped for 43minutes because of rain!!


",1,false,Alive,23,,0,0,0,0,0,0,0,Not specified,Not specified,Not specified,Not specified,Not specified,Not Specified:Other,Not specified,Not specified,,Not specified,Not specified,0,Not specified,Not specified,Not specified,Not specified,Not specified,2020-07-09T06:58:57.303+0300
Unidentified,Unidentified,0,2020-07-09,07:45,Seen,-3.367492,39.909237,,1,false,Alive,29,,0,0,0,0,0,0,0,Not specified,Not specified,Not specified,Not specified,Not specified,Not Specified:Other,Not specified,Not specified,,Not specified,Not specified,0,Not specified,Not specified,Not specified,Not specified,Not specified,2020-07-09T07:45:55.700+0300
Common Bulbul,Pycnonotus barbatus tricolor,545,2020-07-09,07:47,Heard,-3.367634,39.909216,,1,false,Alive,29,,0,0,0,0,0,0,0,Not specified,Not specified,Not specified,Not specified,Not specified,Not Specified:Other,Not specified,Not specified,,Not specified,Not specified,0,Not specified,Not specified,Not specified,Not specified,Not specified,2020-07-09T07:47:40.226+0300
Yellow-fronted Canary,Crithagra mozambica,859,2020-07-09,07:48,Heard,-3.367891,39.909162,,1,false,Alive,30,,0,0,0,0,0,0,0,Not specified,Not specified,Not specified,Not specified,Not specified,Not Specified:Other,Not specified,Not specified,,Not specified,Not specified,0,Not specified,Not specified,Not specified,Not specified,Not specified,2020-07-09T07:48:38.269+0300
Striped Kingfisher,Halcyon chelicuti,403,2020-07-09,07:51,Seen,-3.368359,39.909026,,1,false,Alive,36,,0,0,0,0,0,0,0,Not specified,Not specified,Not specified,Not specified,Not specified,Not Specified:Other,Not specified,Not specified,,Not specified,Not specified,0,Not specified,Not specified,Not specified,Not specified,Not specified,2020-07-09T07:51:52.266+0300
House Crow,Corvus splendens,989,2020-07-09,07:52,Heard,-3.368769,39.9089,,1,false,Alive,29,,0,0,0,0,0,0,0,Not specified,Not specified,Not specified,Not specified,Not specified,Not Specified:Other,Not specified,Not specified,,Not specified,Not specified,0,Not specified,Not specified,Not specified,Not specified,Not specified,2020-07-09T07:52:56.400+0300
Northern Grey-headed Sparrow (Parrot-billed),Passer griseus gongonensis,3834,2020-07-09,07:53,Heard,-3.369041,39.908861,,1,false,Alive,26,,0,0,0,0,0,0,0,Not specified,Not specified,Not specified,Not specified,Not specified,Not Specified:Other,Not specified,Not specified,,Not specified,Not specified,0,Not specified,Not specified,Not specified,Not specified,Not specified,2020-07-09T07:53:34.140+0300
Unidentified,Unidentified,0,2020-07-09,08:01,Seen,-3.36921,39.906625,,1,false,Alive,-17,,0,0,0,0,0,0,0,Not specified,Not specified,Not specified,Not specified,Not specified,Not Specified:Other,Not specified,Not specified,,Not specified,Not specified,0,Not specified,Not specified,Not specified,Not specified,Not specified,2020-07-09T08:01:28.930+0300
Unidentified,Unidentified,0,2020-07-09,08:01,Seen,-3.369208,39.9066,,1,false,Alive,-12,,0,0,0,0,0,0,0,Not specified,Not specified,Not specified,Not specified,Not specified,Not Specified:Other,Not specified,Not specified,,Not specified,Not specified,0,Not specified,Not specified,Not specified,Not specified,Not specified,2020-07-09T08:01:39.358+0300
Common Drongo,Dicrurus adsimilis,517,2020-07-09,08:01,Seen,-3.369209,39.906556,,1,false,Alive,-11,,0,0,0,0,0,0,0,Not specified,Not specified,Not specified,Not specified,Not specified,Not Specified:Other,Not specified,Not specified,,Not specified,Not specified,0,Not specified,Not specified,Not specified,Not specified,Not specified,2020-07-09T08:01:57.346+0300
Village Weaver,Ploceus cucullatus,797,2020-07-09,08:02,Heard,-3.369185,39.906545,,1,false,Alive,-8,,0,0,0,0,0,0,0,Not specified,Not specified,Not specified,Not specified,Not specified,Not Specified:Other,Not specified,Not specified,,Not specified,Not specified,0,Not specified,Not specified,Not specified,Not specified,Not specified,2020-07-09T08:02:10.904+0300
Blue-breasted Cordon-bleu,Uraeginthus angolensis,839,2020-07-09,08:02,Heard,-3.36918,39.906557,,1,false,Alive,-1,,0,0,0,0,0,0,0,Not specified,Not specified,Not specified,Not specified,Not specified,Not Specified:Other,Not specified,Not specified,,Not specified,Not specified,0,Not specified,Not specified,Not specified,Not specified,Not specified,2020-07-09T08:02:31.858+0300
African Pied Wagtail,Motacilla aguimp,685,2020-07-09,08:03,Seen,-3.369325,39.906539,,1,false,Alive,23,,0,0,0,0,0,0,0,Not specified,Not specified,Not specified,Not specified,Not specified,Not Specified:Other,Not specified,Not specified,,Not specified,Not specified,0,Not specified,Not specified,Not specified,Not specified,Not specified,2020-07-09T08:03:35.182+0300
Collared Sunbird,Hedydipna collaris,771,2020-07-09,08:04,Heard,-3.369318,39.906532,,1,false,Alive,23,,0,0,0,0,0,0,0,Not specified,Not specified,Not specified,Not specified,Not specified,Not Specified:Other,Not specified,Not specified,,Not specified,Not specified,0,Not specified,Not specified,Not specified,Not specified,Not specified,2020-07-09T08:04:04.672+0300
Yellow-fronted Canary,Crithagra mozambica,859,2020-07-09,08:05,Seen,-3.369104,39.906717,,1,false,Alive,23,,0,0,0,0,0,0,0,Not specified,Not specified,Not specified,Not specified,Not specified,Not Specified:Other,Not specified,Not specified,,Not specified,Not specified,0,Not specified,Not specified,Not specified,Not specified,Not specified,2020-07-09T08:05:06.009+0300
Black-backed Puffback,Dryoscopus cubla,712,2020-07-09,08:10,Heard,-3.368684,39.904913,,1,false,Alive,21,,0,0,0,0,0,0,0,Not specified,Not specified,Not specified,Not specified,Not specified,Not Specified:Other,Not specified,Not specified,,Not specified,Not specified,0,Not specified,Not specified,Not specified,Not specified,Not specified,2020-07-09T08:10:37.208+0300
Ring-necked Dove,Streptopelia capicola,316,2020-07-09,08:12,Seen,-3.368711,39.904533,,1,false,Alive,22,,0,0,0,0,0,0,0,Not specified,Not specified,Not specified,Not specified,Not specified,Not Specified:Other,Not specified,Not specified,,Not specified,Not specified,0,Not specified,Not specified,Not specified,Not specified,Not specified,2020-07-09T08:12:19.385+0300
Red-eyed Dove,Streptopelia semitorquata,314,2020-07-09,08:14,Heard,-3.36906,39.903737,,1,false,Alive,20,,0,0,0,0,0,0,0,Not specified,Not specified,Not specified,Not specified,Not specified,Not Specified:Other,Not specified,Not specified,,Not specified,Not specified,0,Not specified,Not specified,Not specified,Not specified,Not specified,2020-07-09T08:14:35.200+0300
African Palm Swift,Cypsiurus parvus,387,2020-07-09,08:14,Seen,-3.369039,39.903672,,1,false,Alive,21,,0,0,0,0,0,0,0,Not specified,Not specified,Not specified,Not specified,Not specified,Not Specified:Other,Not specified,Not specified,,Not specified,Not specified,0,Not specified,Not specified,Not specified,Not specified,Not specified,2020-07-09T08:14:57.534+0300
House Crow,Corvus splendens,989,2020-07-09,08:15,Seen,-3.36905,39.903617,,1,false,Alive,22,,0,0,0,0,0,0,0,Not specified,Not specified,Not specified,Not specified,Not specified,Not Specified:Other,Not specified,Not specified,,Not specified,Not specified,0,Not specified,Not specified,Not specified,Not specified,Not specified,2020-07-09T08:15:33.439+0300
Tawny-flanked Prinia,Prinia subflava,649,2020-07-09,08:15,Heard,-3.369025,39.903521,,1,false,Alive,21,,0,0,0,0,0,0,0,Not specified,Not specified,Not specified,Not specified,Not specified,Not Specified:Other,Not specified,Not specified,,Not specified,Not specified,0,Not specified,Not specified,Not specified,Not specified,Not specified,2020-07-09T08:15:56.918+0300
African Golden Oriole,Oriolus auratus,520,2020-07-09,08:19,Seen,-3.369235,39.902277,,1,false,Alive,22,,0,0,0,0,0,0,0,Not specified,Not specified,Not specified,Not specified,Not specified,Not Specified:Other,Not specified,Not specified,,Not specified,Not specified,0,Not specified,Not specified,Not specified,Not specified,Not specified,2020-07-09T08:19:42.925+0300
Striped Kingfisher,Halcyon chelicuti,403,2020-07-09,08:23,Heard,-3.369352,39.90141,,1,false,Alive,21,,0,0,0,0,0,0,0,Not specified,Not specified,Not specified,Not specified,Not specified,Not Specified:Other,Not specified,Not specified,,Not specified,Not specified,0,Not specified,Not specified,Not specified,Not specified,Not specified,2020-07-09T08:23:21.584+0300
African Paradise Flycatcher,Terpsiphone viridis,682,2020-07-09,08:23,Seen,-3.369367,39.901395,,1,false,Alive,21,,0,0,0,0,0,0,0,Not specified,Not specified,Not specified,Not specified,Not specified,Not Specified:Other,Not specified,Not specified,,Not specified,Not specified,0,Not specified,Not specified,Not specified,Not specified,Not specified,2020-07-09T08:23:47.871+0300
Black-crowned Tchagra,Tchagra senegalus,715,2020-07-09,08:25,Seen,-3.369334,39.901182,,1,false,Alive,21,,0,0,0,0,0,0,0,Not specified,Not specified,Not specified,Not specified,Not specified,Not Specified:Other,Not specified,Not specified,,Not specified,Not specified,0,Not specified,Not specified,Not specified,Not specified,Not specified,2020-07-09T08:25:22.144+0300
Northern Grey-headed Sparrow (Parrot-billed),Passer griseus gongonensis,3834,2020-07-09,08:26,Seen,-3.369309,39.901022,,1,false,Alive,21,,0,0,0,0,0,0,0,Not specified,Not specified,Not specified,Not specified,Not specified,Not Specified:Other,Not specified,Not specified,,Not specified,Not specified,0,Not specified,Not specified,Not specified,Not specified,Not specified,2020-07-09T08:26:31.570+0300
White-browed Coucal,Centropus superciliosus,1036,2020-07-09,08:32,Heard,-3.369068,39.899295,,1,false,Alive,20,,0,0,0,0,0,0,0,Not specified,Not specified,Not specified,Not specified,Not specified,Not Specified:Other,Not specified,Not specified,,Not specified,Not specified,0,Not specified,Not specified,Not specified,Not specified,Not specified,2020-07-09T08:32:08.608+0300
Black-headed Oriole,Oriolus larvatus,521,2020-07-09,08:35,Heard,-3.368927,39.898041,,1,false,Alive,20,,0,0,0,0,0,0,0,Not specified,Not specified,Not specified,Not specified,Not specified,Not Specified:Other,Not specified,Not specified,,Not specified,Not specified,0,Not specified,Not specified,Not specified,Not specified,Not specified,2020-07-09T08:35:30.420+0300
Collared Sunbird,Hedydipna collaris,771,2020-07-09,08:40,Heard,-3.368189,39.897004,,1,false,Alive,21,,0,0,0,0,0,0,0,Not specified,Not specified,Not specified,Not specified,Not specified,Not Specified:Other,Not specified,Not specified,,Not specified,Not specified,0,Not specified,Not specified,Not specified,Not specified,Not specified,2020-07-09T08:40:58.358+0300
Green Wood-hoopoe,Phoeniculus purpureus,419,2020-07-09,08:43,Seen,-3.367792,39.897242,,1,false,Alive,19,,0,0,0,0,0,0,0,Not specified,Not specified,Not specified,Not specified,Not specified,Not Specified:Other,Not specified,Not specified,,Not specified,Not specified,0,Not specified,Not specified,Not specified,Not specified,Not specified,2020-07-09T08:43:12.342+0300
Emerald-spotted Wood Dove,Turtur chalcospilos,321,2020-07-09,08:43,Heard,-3.367746,39.897261,,1,false,Alive,19,,0,0,0,0,0,0,0,Not specified,Not specified,Not specified,Not specified,Not specified,Not Specified:Other,Not specified,Not specified,,Not specified,Not specified,0,Not specified,Not specified,Not specified,Not specified,Not specified,2020-07-09T08:43:32.044+0300
Terrestrial Brownbul,Phyllastrephus terrestris,546,2020-07-09,08:44,Seen,-3.367598,39.897379,,1,false,Alive,21,,0,0,0,0,0,0,0,Not specified,Not specified,Not specified,Not specified,Not specified,Not Specified:Other,Not specified,Not specified,,Not specified,Not specified,0,Not specified,Not specified,Not specified,Not specified,Not specified,2020-07-09T08:44:56.536+0300
Black-bellied Starling,Notopholia corusca,740,2020-07-09,08:46,Seen,-3.36729,39.897614,,1,false,Alive,24,,0,0,0,0,0,0,0,Not specified,Not specified,Not specified,Not specified,Not specified,Not Specified:Other,Not specified,Not specified,,Not specified,Not specified,0,Not specified,Not specified,Not specified,Not specified,Not specified,2020-07-09T08:46:58.529+0300
East Coast Boubou,Laniarius sublacteus,7867,2020-07-09,08:47,Heard,-3.367243,39.897686,,1,false,Alive,23,,0,0,0,0,0,0,0,Not specified,Not specified,Not specified,Not specified,Not specified,Not Specified:Other,Not specified,Not specified,,Not specified,Not specified,0,Not specified,Not specified,Not specified,Not specified,Not specified,2020-07-09T08:47:22.213+0300
Dark-backed Weaver,Ploceus bicolor,790,2020-07-09,08:48,Seen,-3.366792,39.897931,,1,false,Alive,22,,0,0,0,0,0,0,0,Not specified,Not specified,Not specified,Not specified,Not specified,Not Specified:Other,Not specified,Not specified,,Not specified,Not specified,0,Not specified,Not specified,Not specified,Not specified,Not specified,2020-07-09T08:48:45.273+0300
Black-headed Apalis,Apalis melanocephala,623,2020-07-09,08:50,Heard,-3.366601,39.89812,,1,false,Alive,21,,0,0,0,0,0,0,0,Not specified,Not specified,Not specified,Not specified,Not specified,Not Specified:Other,Not specified,Not specified,,Not specified,Not specified,0,Not specified,Not specified,Not specified,Not specified,Not specified,2020-07-09T08:50:19.022+0300
Yellow-bellied Greenbul,Chlorocichla flaviventris,550,2020-07-09,08:51,Heard,-3.366345,39.898262,,1,false,Alive,22,,0,0,0,0,0,0,0,Not specified,Not specified,Not specified,Not specified,Not specified,Not Specified:Other,Not specified,Not specified,,Not specified,Not specified,0,Not specified,Not specified,Not specified,Not specified,Not specified,2020-07-09T08:51:34.331+0300
Great Sparrowhawk,Accipiter melanoleucus,159,2020-07-09,08:55,Seen,-3.36526,39.898943,,1,false,Alive,21,,0,0,0,0,0,0,0,Not specified,Not specified,Not specified,Not specified,Not specified,Not Specified:Other,Not specified,Not specified,,Not specified,Not specified,0,Not specified,Not specified,Not specified,Not specified,Not specified,2020-07-09T08:55:27.179+0300
Unidentified,Unidentified,0,2020-07-09,09:00,Seen,-3.365652,39.899478,,1,false,Alive,20,,0,0,0,0,0,0,0,Not specified,Not specified,Not specified,Not specified,Not specified,Not Specified:Other,Not specified,Not specified,,Not specified,Not specified,0,Not specified,Not specified,Not specified,Not specified,Not specified,2020-07-09T09:00:53.150+0300
Unidentified,Unidentified,0,2020-07-09,09:04,Seen,-3.365137,39.899371,,1,false,Alive,17,,0,0,0,0,0,0,0,Not specified,Not specified,Not specified,Not specified,Not specified,Not Specified:Other,Not specified,Not specified,,Not specified,Not specified,0,Not specified,Not specified,Not specified,Not specified,Not specified,2020-07-09T09:04:59.637+0300
Striped Kingfisher,Halcyon chelicuti,403,2020-07-09,09:05,Heard,-3.364924,39.899361,,1,false,Alive,21,,0,0,0,0,0,0,0,Not specified,Not specified,Not specified,Not specified,Not specified,Not Specified:Other,Not specified,Not specified,,Not specified,Not specified,0,Not specified,Not specified,Not specified,Not specified,Not specified,2020-07-09T09:05:38.652+0300
White-browed Robin Chat,Cossypha heuglini,580,2020-07-09,09:12,Heard,-3.362782,39.900571,,1,false,Alive,25,,0,0,0,0,0,0,0,Not specified,Not specified,Not specified,Not specified,Not specified,Not Specified:Other,Not specified,Not specified,,Not specified,Not specified,0,Not specified,Not specified,Not specified,Not specified,Not specified,2020-07-09T09:12:44.003+0300
African Paradise Flycatcher,Terpsiphone viridis,682,2020-07-09,09:13,Heard,-3.362793,39.900583,,1,false,Alive,26,,0,0,0,0,0,0,0,Not specified,Not specified,Not specified,Not specified,Not specified,Not Specified:Other,Not specified,Not specified,,Not specified,Not specified,0,Not specified,Not specified,Not specified,Not specified,Not specified,2020-07-09T09:13:04.223+0300
Common Drongo,Dicrurus adsimilis,517,2020-07-09,09:13,Heard,-3.362783,39.900593,,1,false,Alive,32,,0,0,0,0,0,0,0,Not specified,Not specified,Not specified,Not specified,Not specified,Not Specified:Other,Not specified,Not specified,,Not specified,Not specified,0,Not specified,Not specified,Not specified,Not specified,Not specified,2020-07-09T09:13:17.148+0300
Northern Grey-headed Sparrow (Parrot-billed),Passer griseus gongonensis,3834,2020-07-09,09:18,Heard,-3.36111,39.901744,,1,false,Alive,36,,0,0,0,0,0,0,0,Not specified,Not specified,Not specified,Not specified,Not specified,Not Specified:Other,Not specified,Not specified,,Not specified,Not specified,0,Not specified,Not specified,Not specified,Not specified,Not specified,2020-07-09T09:18:00.432+0300
Black-backed Puffback,Dryoscopus cubla,712,2020-07-09,09:18,Heard,-3.361095,39.901795,,1,false,Alive,36,,0,0,0,0,0,0,0,Not specified,Not specified,Not specified,Not specified,Not specified,Not Specified:Other,Not specified,Not specified,,Not specified,Not specified,0,Not specified,Not specified,Not specified,Not specified,Not specified,2020-07-09T09:18:12.860+0300
Red-eyed Dove,Streptopelia semitorquata,314,2020-07-09,09:31,Heard,-3.356664,39.904582,,1,false,Alive,17,,0,0,0,0,0,0,0,Not specified,Not specified,Not specified,Not specified,Not specified,Not Specified:Other,Not specified,Not specified,,Not specified,Not specified,0,Not specified,Not specified,Not specified,Not specified,Not specified,2020-07-09T09:31:15.653+0300
African Palm Swift,Cypsiurus parvus,387,2020-07-09,09:34,Seen,-3.355903,39.905397,,1,false,Alive,16,,0,0,0,0,0,0,0,Not specified,Not specified,Not specified,Not specified,Not specified,Not Specified:Other,Not specified,Not specified,,Not specified,Not specified,0,Not specified,Not specified,Not specified,Not specified,Not specified,2020-07-09T09:34:35.515+0300
Ring-necked Dove,Streptopelia capicola,316,2020-07-09,09:35,Heard,-3.355926,39.905498,,1,false,Alive,16,,0,0,0,0,0,0,0,Not specified,Not specified,Not specified,Not specified,Not specified,Not Specified:Other,Not specified,Not specified,,Not specified,Not specified,0,Not specified,Not specified,Not specified,Not specified,Not specified,2020-07-09T09:35:03.776+0300
Tawny-flanked Prinia,Prinia subflava,649,2020-07-09,09:38,Heard,-3.356685,39.906941,,1,false,Alive,16,,0,0,0,0,0,0,0,Not specified,Not specified,Not specified,Not specified,Not specified,Not Specified:Other,Not specified,Not specified,,Not specified,Not specified,0,Not specified,Not specified,Not specified,Not specified,Not specified,2020-07-09T09:38:54.553+0300
Red-cheeked Cordon-bleu,Uraeginthus bengalus,3974,2020-07-09,09:39,Heard,-3.356851,39.907054,,1,false,Alive,16,,0,0,0,0,0,0,0,Not specified,Not specified,Not specified,Not specified,Not specified,Not Specified:Other,Not specified,Not specified,,Not specified,Not specified,0,Not specified,Not specified,Not specified,Not specified,Not specified,2020-07-09T09:39:34.194+0300
Black-crowned Tchagra,Tchagra senegalus,715,2020-07-09,09:53,Heard,-3.360148,39.909956,,1,false,Alive,11,,0,0,0,0,0,0,0,Not specified,Not specified,Not specified,Not specified,Not specified,Not Specified:Other,Not specified,Not specified,,Not specified,Not specified,0,Not specified,Not specified,Not specified,Not specified,Not specified,2020-07-09T09:53:17.039+0300
White-browed Coucal,Centropus superciliosus burchellii/fasciipygialis,4131,2020-07-09,09:53,Heard,-3.360171,39.910142,,1,false,Alive,7,,0,0,0,0,0,0,0,Not specified,Not specified,Not specified,Not specified,Not specified,Not Specified:Other,Not specified,Not specified,,Not specified,Not specified,0,Not specified,Not specified,Not specified,Not specified,Not specified,2020-07-09T09:53:39.824+0300
Red-eyed Dove,Streptopelia semitorquata,314,2020-07-09,09:53,Heard,-3.360162,39.910202,,1,false,Alive,8,,0,0,0,0,0,0,0,Not specified,Not specified,Not specified,Not specified,Not specified,Not Specified:Other,Not specified,Not specified,,Not specified,Not specified,0,Not specified,Not specified,Not specified,Not specified,Not specified,2020-07-09T09:53:56.380+0300
Speckled Mousebird,Colius striatus,390,2020-07-09,09:55,Seen,-3.360166,39.91087,,1,false,Alive,5,,0,0,0,0,0,0,0,Not specified,Not specified,Not specified,Not specified,Not specified,Not Specified:Other,Not specified,Not specified,,Not specified,Not specified,0,Not specified,Not specified,Not specified,Not specified,Not specified,2020-07-09T09:55:36.144+0300
Unidentified,Unidentified,0,2020-07-09,10:00,Seen,-3.360028,39.91274,,1,false,Alive,7,,0,0,0,0,0,0,0,Not specified,Not specified,Not specified,Not specified,Not specified,Not Specified:Other,Not specified,Not specified,,Not specified,Not specified,0,Not specified,Not specified,Not specified,Not specified,Not specified,2020-07-09T10:00:20.455+0300
Unidentified,Unidentified,0,2020-07-09,10:00,Seen,-3.36003,39.912755,,1,false,Alive,6,,0,0,0,0,0,0,0,Not specified,Not specified,Not specified,Not specified,Not specified,Not Specified:Other,Not specified,Not specified,,Not specified,Not specified,0,Not specified,Not specified,Not specified,Not specified,Not specified,2020-07-09T10:00:26.453+0300
Yellow-fronted Canary,Crithagra mozambica,859,2020-07-09,10:00,Seen,-3.359956,39.912855,,1,false,Alive,6,,0,0,0,0,0,0,0,Not specified,Not specified,Not specified,Not specified,Not specified,Not Specified:Other,Not specified,Not specified,,Not specified,Not specified,0,Not specified,Not specified,Not specified,Not specified,Not specified,2020-07-09T10:00:57.054+0300
Northern Grey-headed Sparrow (Parrot-billed),Passer griseus gongonensis,3834,2020-07-09,10:01,Seen,-3.359931,39.912896,,1,false,Alive,6,,0,0,0,0,0,0,0,Not specified,Not specified,Not specified,Not specified,Not specified,Not Specified:Other,Not specified,Not specified,,Not specified,Not specified,0,Not specified,Not specified,Not specified,Not specified,Not specified,2020-07-09T10:01:18.057+0300
Striped Kingfisher,Halcyon chelicuti,403,2020-07-09,10:01,Heard,-3.359936,39.913043,,1,false,Alive,6,,0,0,0,0,0,0,0,Not specified,Not specified,Not specified,Not specified,Not specified,Not Specified:Other,Not specified,Not specified,,Not specified,Not specified,0,Not specified,Not specified,Not specified,Not specified,Not specified,2020-07-09T10:01:41.021+0300
Ring-necked Dove,Streptopelia capicola,316,2020-07-09,10:01,Heard,-3.359949,39.913138,,1,false,Alive,6,,0,0,0,0,0,0,0,Not specified,Not specified,Not specified,Not specified,Not specified,Not Specified:Other,Not specified,Not specified,,Not specified,Not specified,0,Not specified,Not specified,Not specified,Not specified,Not specified,2020-07-09T10:01:56.327+0300
Common Bulbul,Pycnonotus barbatus tricolor,545,2020-07-09,10:02,Seen,-3.35989,39.913436,,1,false,Alive,3,,0,0,0,0,0,0,0,Not specified,Not specified,Not specified,Not specified,Not specified,Not Specified:Other,Not specified,Not specified,,Not specified,Not specified,0,Not specified,Not specified,Not specified,Not specified,Not specified,2020-07-09T10:02:46.554+0300
House Crow,Corvus splendens,989,2020-07-09,10:03,Seen,-3.359898,39.913587,,1,false,Alive,7,,0,0,0,0,0,0,0,Not specified,Not specified,Not specified,Not specified,Not specified,Not Specified:Other,Not specified,Not specified,,Not specified,Not specified,0,Not specified,Not specified,Not specified,Not specified,Not specified,2020-07-09T10:03:11.505+0300
Bronze Mannikin,Spermestes cucullata,823,2020-07-09,10:03,Heard,-3.359877,39.913748,,1,false,Alive,8,,0,0,0,0,0,0,0,Not specified,Not specified,Not specified,Not specified,Not specified,Not Specified:Other,Not specified,Not specified,,Not specified,Not specified,0,Not specified,Not specified,Not specified,Not specified,Not specified,2020-07-09T10:03:48.556+0300
Emerald-spotted Wood Dove,Turtur chalcospilos,321,2020-07-09,10:04,Seen,-3.359841,39.913849,,1,false,Alive,10,,0,0,0,0,0,0,0,Not specified,Not specified,Not specified,Not specified,Not specified,Not Specified:Other,Not specified,Not specified,,Not specified,Not specified,0,Not specified,Not specified,Not specified,Not specified,Not specified,2020-07-09T10:04:06.113+0300
African Palm Swift,Cypsiurus parvus,387,2020-07-09,10:04,Seen,-3.359763,39.913887,,1,false,Alive,9,,0,0,0,0,0,0,0,Not specified,Not specified,Not specified,Not specified,Not specified,Not Specified:Other,Not specified,Not specified,,Not specified,Not specified,0,Not specified,Not specified,Not specified,Not specified,Not specified,2020-07-09T10:04:19.579+0300
Common Drongo,Dicrurus adsimilis,517,2020-07-09,10:04,Seen,-3.359688,39.91386,,1,false,Alive,6,,0,0,0,0,0,0,0,Not specified,Not specified,Not specified,Not specified,Not specified,Not Specified:Other,Not specified,Not specified,,Not specified,Not specified,0,Not specified,Not specified,Not specified,Not specified,Not specified,2020-07-09T10:04:33.625+0300
Tawny-flanked Prinia,Prinia subflava,649,2020-07-09,10:04,Seen,-3.359516,39.913821,,1,false,Alive,10,,0,0,0,0,0,0,0,Not specified,Not specified,Not specified,Not specified,Not specified,Not Specified:Other,Not specified,Not specified,,Not specified,Not specified,0,Not specified,Not specified,Not specified,Not specified,Not specified,2020-07-09T10:04:57.418+0300
Collared Sunbird,Hedydipna collaris,771,2020-07-09,10:10,Heard,-3.359214,39.915929,,1,false,Alive,6,,0,0,0,0,0,0,0,Not specified,Not specified,Not specified,Not specified,Not specified,Not Specified:Other,Not specified,Not specified,,Not specified,Not specified,0,Not specified,Not specified,Not specified,Not specified,Not specified,2020-07-09T10:10:48.616+0300
Purple-banded Sunbird,Cinnyris bifasciatus,756,2020-07-09,10:12,Seen,-3.359197,39.916262,,1,false,Alive,10,,0,0,0,0,0,0,0,Not specified,Not specified,Not specified,Not specified,Not specified,Not Specified:Other,Not specified,Not specified,,Not specified,Not specified,0,Not specified,Not specified,Not specified,Not specified,Not specified,2020-07-09T10:12:04.624+0300
Winding Cisticola,Cisticola galactotes luapula,3138,2020-07-09,10:18,Seen,-3.360579,39.917459,,1,false,Alive,8,,0,0,0,0,0,0,0,Not specified,Not specified,Not specified,Not specified,Not specified,Not Specified:Other,Not specified,Not specified,,Not specified,Not specified,0,Not specified,Not specified,Not specified,Not specified,Not specified,2020-07-09T10:18:50.300+0300
White-browed Coucal,Centropus superciliosus burchellii/fasciipygialis,4131,2020-07-09,10:19,Heard,-3.360728,39.917449,,1,false,Alive,6,,0,0,0,0,0,0,0,Not specified,Not specified,Not specified,Not specified,Not specified,Not Specified:Other,Not specified,Not specified,,Not specified,Not specified,0,Not specified,Not specified,Not specified,Not specified,Not specified,2020-07-09T10:19:14.788+0300
Village Weaver,Ploceus cucullatus,797,2020-07-09,10:20,Seen,-3.361177,39.917502,,1,false,Alive,4,,0,0,0,0,0,0,0,Not specified,Not specified,Not specified,Not specified,Not specified,Not Specified:Other,Not specified,Not specified,,Not specified,Not specified,0,Not specified,Not specified,Not specified,Not specified,Not specified,2020-07-09T10:20:34.393+0300
Amethyst Sunbird,Chalcomitra amethystina,772,2020-07-09,10:23,Heard,-3.361453,39.917525,,1,false,Alive,3,,0,0,0,0,0,0,0,Not specified,Not specified,Not specified,Not specified,Not specified,Not Specified:Other,Not specified,Not specified,,Not specified,Not specified,0,Not specified,Not specified,Not specified,Not specified,Not specified,2020-07-09T10:23:19.141+0300
White-browed Robin Chat,Cossypha heuglini,580,2020-07-09,10:24,Heard,-3.361175,39.917536,,1,false,Alive,2,,0,0,0,0,0,0,0,Not specified,Not specified,Not specified,Not specified,Not specified,Not Specified:Other,Not specified,Not specified,,Not specified,Not specified,0,Not specified,Not specified,Not specified,Not specified,Not specified,2020-07-09T10:24:05.892+0300
Pale Flycatcher,Bradornis pallidus,662,2020-07-09,10:28,Seen,-3.361196,39.919136,,1,false,Alive,2,,0,0,0,0,0,0,0,Not specified,Not specified,Not specified,Not specified,Not specified,Not Specified:Other,Not specified,Not specified,,Not specified,Not specified,0,Not specified,Not specified,Not specified,Not specified,Not specified,2020-07-09T10:28:54.471+0300
Unidentified,Unidentified,0,2020-07-09,10:29,Seen,-3.361406,39.919176,,1,false,Alive,0,,0,0,0,0,0,0,0,Not specified,Not specified,Not specified,Not specified,Not specified,Not Specified:Other,Not specified,Not specified,,Not specified,Not specified,0,Not specified,Not specified,Not specified,Not specified,Not specified,2020-07-09T10:29:33.815+0300
Unidentified,Unidentified,0,2020-07-10,06:01,Seen,-3.34774,39.936633,,1,false,Alive,-3,,0,0,0,0,0,0,0,Not specified,Not specified,Not specified,Not specified,Not specified,Not Specified:Other,Not specified,Not specified,,Not specified,Not specified,0,Not specified,Not specified,Not specified,Not specified,Not specified,2020-07-10T06:01:42.968+0300
African Pied Wagtail,Motacilla aguimp,685,2020-07-10,06:01,Heard,-3.347646,39.936652,,1,false,Alive,-1,,0,0,0,0,0,0,0,Not specified,Not specified,Not specified,Not specified,Not specified,Not Specified:Other,Not specified,Not specified,,Not specified,Not specified,0,Not specified,Not specified,Not specified,Not specified,Not specified,2020-07-10T06:01:58.219+0300
House Crow,Corvus splendens,989,2020-07-10,06:02,Seen,-3.34751,39.936683,,1,false,Alive,-4,,0,0,0,0,0,0,0,Not specified,Not specified,Not specified,Not specified,Not specified,Not Specified:Other,Not specified,Not specified,,Not specified,Not specified,0,Not specified,Not specified,Not specified,Not specified,Not specified,2020-07-10T06:02:31.596+0300
White-browed Robin Chat,Cossypha heuglini,580,2020-07-10,06:03,Heard,-3.347432,39.936539,,1,false,Alive,2,,0,0,0,0,0,0,0,Not specified,Not specified,Not specified,Not specified,Not specified,Not Specified:Other,Not specified,Not specified,,Not specified,Not specified,0,Not specified,Not specified,Not specified,Not specified,Not specified,2020-07-10T06:03:15.204+0300
Common Drongo,Dicrurus adsimilis,517,2020-07-10,06:04,Heard,-3.347063,39.936655,,1,false,Alive,-7,,0,0,0,0,0,0,0,Not specified,Not specified,Not specified,Not specified,Not specified,Not Specified:Other,Not specified,Not specified,,Not specified,Not specified,0,Not specified,Not specified,Not specified,Not specified,Not specified,2020-07-10T06:04:17.903+0300
Amethyst Sunbird,Chalcomitra amethystina,772,2020-07-10,06:07,Heard,-3.346126,39.936941,,1,false,Alive,2,,0,0,0,0,0,0,0,Not specified,Not specified,Not specified,Not specified,Not specified,Not Specified:Other,Not specified,Not specified,,Not specified,Not specified,0,Not specified,Not specified,Not specified,Not specified,Not specified,2020-07-10T06:07:33.104+0300
Black-headed Heron,Ardea melanocephala,55,2020-07-10,06:08,Seen,-3.345988,39.936975,,1,false,Alive,0,,0,0,0,0,0,0,0,Not specified,Not specified,Not specified,Not specified,Not specified,Not Specified:Other,Not specified,Not specified,,Not specified,Not specified,0,Not specified,Not specified,Not specified,Not specified,Not specified,2020-07-10T06:08:43.547+0300
Common Bulbul,Pycnonotus barbatus,11491,2020-07-10,06:10,Heard,-3.345921,39.937218,,1,false,Alive,0,,0,0,0,0,0,0,0,Not specified,Not specified,Not specified,Not specified,Not specified,Not Specified:Other,Not specified,Not specified,,Not specified,Not specified,0,Not specified,Not specified,Not specified,Not specified,Not specified,2020-07-10T06:10:34.435+0300
Red-cheeked Cordon-bleu,Uraeginthus bengalus,3974,2020-07-10,06:11,Seen,-3.345923,39.937253,,1,false,Alive,-1,,0,0,0,0,0,0,0,Not specified,Not specified,Not specified,Not specified,Not specified,Not Specified:Other,Not specified,Not specified,,Not specified,Not specified,0,Not specified,Not specified,Not specified,Not specified,Not specified,2020-07-10T06:11:51.834+0300
Tawny-flanked Prinia,Prinia subflava,649,2020-07-10,06:13,Heard,-3.346002,39.937553,,1,false,Alive,-1,,0,0,0,0,0,0,0,Not specified,Not specified,Not specified,Not specified,Not specified,Not Specified:Other,Not specified,Not specified,,Not specified,Not specified,0,Not specified,Not specified,Not specified,Not specified,Not specified,2020-07-10T06:13:48.215+0300
Yellow-fronted Canary,Crithagra mozambica,859,2020-07-10,06:14,Heard,-3.34608,39.937671,,1,false,Alive,-1,,0,0,0,0,0,0,0,Not specified,Not specified,Not specified,Not specified,Not specified,Not Specified:Other,Not specified,Not specified,,Not specified,Not specified,0,Not specified,Not specified,Not specified,Not specified,Not specified,2020-07-10T06:14:59.026+0300
Winding Cisticola,Cisticola galactotes,4138,2020-07-10,06:15,Heard,-3.346212,39.93772,,1,false,Alive,0,,0,0,0,0,0,0,0,Not specified,Not specified,Not specified,Not specified,Not specified,Not Specified:Other,Not specified,Not specified,,Not specified,Not specified,0,Not specified,Not specified,Not specified,Not specified,Not specified,2020-07-10T06:15:50.359+0300
African Palm Swift,Cypsiurus parvus,387,2020-07-10,06:19,Seen,-3.346827,39.937723,,1,false,Alive,-2,,0,0,0,0,0,0,0,Not specified,Not specified,Not specified,Not specified,Not specified,Not Specified:Other,Not specified,Not specified,,Not specified,Not specified,0,Not specified,Not specified,Not specified,Not specified,Not specified,2020-07-10T06:19:40.958+0300
Bronze Mannikin,Spermestes cucullata,823,2020-07-10,06:20,Seen,-3.346838,39.937722,,1,false,Alive,-2,,0,0,0,0,0,0,0,Not specified,Not specified,Not specified,Not specified,Not specified,Not Specified:Other,Not specified,Not specified,,Not specified,Not specified,0,Not specified,Not specified,Not specified,Not specified,Not specified,2020-07-10T06:20:12.136+0300
Village Weaver,Ploceus cucullatus,797,2020-07-10,06:21,Seen,-3.346934,39.937737,,1,false,Alive,-1,,0,0,0,0,0,0,0,Not specified,Not specified,Not specified,Not specified,Not specified,Not Specified:Other,Not specified,Not specified,,Not specified,Not specified,0,Not specified,Not specified,Not specified,Not specified,Not specified,2020-07-10T06:21:16.650+0300
Hadeda,Bostrychia hagedash,84,2020-07-10,06:23,Seen,-3.347257,39.937697,,1,false,Alive,-1,,0,0,0,0,0,0,0,Not specified,Not specified,Not specified,Not specified,Not specified,Not Specified:Other,Not specified,Not specified,,Not specified,Not specified,0,Not specified,Not specified,Not specified,Not specified,Not specified,2020-07-10T06:23:16.829+0300
Striped Kingfisher,Halcyon chelicuti,403,2020-07-10,06:27,Seen,-3.348011,39.937602,,1,false,Alive,4,,0,0,0,0,0,0,0,Not specified,Not specified,Not specified,Not specified,Not specified,Not Specified:Other,Not specified,Not specified,,Not specified,Not specified,0,Not specified,Not specified,Not specified,Not specified,Not specified,2020-07-10T06:27:26.404+0300
Black Kite (resident),Milvus migrans aegyptius/parasitus,129,2020-07-10,06:29,Seen,-3.348255,39.937601,,1,false,Alive,0,,0,0,0,0,0,0,0,Not specified,Not specified,Not specified,Not specified,Not specified,Not Specified:Other,Not specified,Not specified,,Not specified,Not specified,0,Not specified,Not specified,Not specified,Not specified,Not specified,2020-07-10T06:29:26.514+0300
Black-crowned Tchagra,Tchagra senegalus,715,2020-07-10,06:29,Heard,-3.348332,39.937583,,1,false,Alive,-1,,0,0,0,0,0,0,0,Not specified,Not specified,Not specified,Not specified,Not specified,Not Specified:Other,Not specified,Not specified,,Not specified,Not specified,0,Not specified,Not specified,Not specified,Not specified,Not specified,2020-07-10T06:29:52.224+0300
Zanzibar Greenbul,Andropadus importunus,551,2020-07-10,06:30,Heard,-3.34847,39.937604,,1,false,Alive,-1,,0,0,0,0,0,0,0,Not specified,Not specified,Not specified,Not specified,Not specified,Not Specified:Other,Not specified,Not specified,,Not specified,Not specified,0,Not specified,Not specified,Not specified,Not specified,Not specified,2020-07-10T06:30:55.412+0300
Lilac-breasted Roller,Coracias caudatus,413,2020-07-10,06:31,Seen,-3.348532,39.937607,,1,false,Alive,0,,0,0,0,0,0,0,0,Not specified,Not specified,Not specified,Not specified,Not specified,Not Specified:Other,Not specified,Not specified,,Not specified,Not specified,0,Not specified,Not specified,Not specified,Not specified,Not specified,2020-07-10T06:31:33.219+0300
Ring-necked Dove,Streptopelia capicola,316,2020-07-10,06:32,Heard,-3.348667,39.937578,,1,false,Alive,-1,,0,0,0,0,0,0,0,Not specified,Not specified,Not specified,Not specified,Not specified,Not Specified:Other,Not specified,Not specified,,Not specified,Not specified,0,Not specified,Not specified,Not specified,Not specified,Not specified,2020-07-10T06:32:23.730+0300
White-browed Coucal,Centropus superciliosus,1036,2020-07-10,06:33,Heard,-3.34884,39.937557,,1,false,Alive,0,,0,0,0,0,0,0,0,Not specified,Not specified,Not specified,Not specified,Not specified,Not Specified:Other,Not specified,Not specified,,Not specified,Not specified,0,Not specified,Not specified,Not specified,Not specified,Not specified,2020-07-10T06:33:50.147+0300
Yellow-throated Longclaw,Macronyx croceus,704,2020-07-10,06:36,Heard,-3.349141,39.937808,,1,false,Alive,2,,0,0,0,0,0,0,0,Not specified,Not specified,Not specified,Not specified,Not specified,Not Specified:Other,Not specified,Not specified,,Not specified,Not specified,0,Not specified,Not specified,Not specified,Not specified,Not specified,2020-07-10T06:36:50.077+0300
Black-bellied Starling,Notopholia corusca,740,2020-07-10,06:37,Heard,-3.349156,39.937826,,1,false,Alive,2,,0,0,0,0,0,0,0,Not specified,Not specified,Not specified,Not specified,Not specified,Not Specified:Other,Not specified,Not specified,,Not specified,Not specified,0,Not specified,Not specified,Not specified,Not specified,Not specified,2020-07-10T06:37:11.067+0300
Three-banded Plover,Charadrius tricollaris,238,2020-07-10,06:37,Heard,-3.349207,39.937916,,1,false,Alive,1,,0,0,0,0,0,0,0,Not specified,Not specified,Not specified,Not specified,Not specified,Not Specified:Other,Not specified,Not specified,,Not specified,Not specified,0,Not specified,Not specified,Not specified,Not specified,Not specified,2020-07-10T06:37:56.741+0300
African Harrier Hawk,Polyboroides typus,171,2020-07-10,06:41,Seen,-3.349675,39.937873,,1,false,Alive,0,,0,0,0,0,0,0,0,Not specified,Not specified,Not specified,Not specified,Not specified,Not Specified:Other,Not specified,Not specified,,Not specified,Not specified,0,Not specified,Not specified,Not specified,Not specified,Not specified,2020-07-10T06:41:13.650+0300
Golden Palm Weaver,Ploceus bojeri,3898,2020-07-10,06:41,Seen,-3.349798,39.937852,,1,false,Alive,2,,0,0,0,0,0,0,0,Not specified,Not specified,Not specified,Not specified,Not specified,Not Specified:Other,Not specified,Not specified,,Not specified,Not specified,0,Not specified,Not specified,Not specified,Not specified,Not specified,2020-07-10T06:41:55.786+0300
Grey-headed Bushshrike,Malaconotus blanchoti,723,2020-07-10,06:43,Heard,-3.349874,39.937797,,1,false,Alive,2,,0,0,0,0,0,0,0,Not specified,Not specified,Not specified,Not specified,Not specified,Not Specified:Other,Not specified,Not specified,,Not specified,Not specified,0,Not specified,Not specified,Not specified,Not specified,Not specified,2020-07-10T06:43:08.101+0300
Grassland Pipit,Anthus cinnamomeus,692,2020-07-10,06:43,Heard,-3.349922,39.9378,,1,false,Alive,1,,0,0,0,0,0,0,0,Not specified,Not specified,Not specified,Not specified,Not specified,Not Specified:Other,Not specified,Not specified,,Not specified,Not specified,0,Not specified,Not specified,Not specified,Not specified,Not specified,2020-07-10T06:43:28.149+0300
Common Ringed Plover,Charadrius hiaticula,233,2020-07-10,06:44,Seen,-3.350015,39.9378,,1,false,Alive,1,,0,0,0,0,0,0,0,Not specified,Not specified,Not specified,Not specified,Not specified,Not Specified:Other,Not specified,Not specified,,Not specified,Not specified,0,Not specified,Not specified,Not specified,Not specified,Not specified,2020-07-10T06:44:27.229+0300
White-fronted Plover,Charadrius marginatus,235,2020-07-10,06:45,Seen,-3.350028,39.937767,,1,false,Alive,1,,0,0,0,0,0,0,0,Not specified,Not specified,Not specified,Not specified,Not specified,Not Specified:Other,Not specified,Not specified,,Not specified,Not specified,0,Not specified,Not specified,Not specified,Not specified,Not specified,2020-07-10T06:45:11.072+0300
Lesser Sand Plover,Charadrius mongolus,234,2020-07-10,06:45,Seen,-3.350025,39.937765,,1,false,Alive,1,,0,0,0,0,0,0,0,Not specified,Not specified,Not specified,Not specified,Not specified,Not Specified:Other,Not specified,Not specified,,Not specified,Not specified,0,Not specified,Not specified,Not specified,Not specified,Not specified,2020-07-10T06:45:46.380+0300
Purple-banded Sunbird,Cinnyris bifasciatus,756,2020-07-10,06:51,Heard,-3.35081,39.937392,,1,false,Alive,0,,0,0,0,0,0,0,0,Not specified,Not specified,Not specified,Not specified,Not specified,Not Specified:Other,Not specified,Not specified,,Not specified,Not specified,0,Not specified,Not specified,Not specified,Not specified,Not specified,2020-07-10T06:51:29.995+0300
Violet-backed Starling,Cinnyricinclus leucogaster,736,2020-07-10,06:54,Seen,-3.35143,39.937311,,1,false,Alive,1,,0,0,0,0,0,0,0,Not specified,Not specified,Not specified,Not specified,Not specified,Not Specified:Other,Not specified,Not specified,,Not specified,Not specified,0,Not specified,Not specified,Not specified,Not specified,Not specified,2020-07-10T06:54:56.220+0300
Barn Swallow,Hirundo rustica,493,2020-07-10,06:59,Seen,-3.352207,39.937247,,1,false,Alive,1,,0,0,0,0,0,0,0,Not specified,Not specified,Not specified,Not specified,Not specified,Not Specified:Other,Not specified,Not specified,,Not specified,Not specified,0,Not specified,Not specified,Not specified,Not specified,Not specified,2020-07-10T06:59:31.145+0300
Unidentified,Unidentified,0,2020-07-10,07:00,Seen,-3.352309,39.937215,,1,false,Alive,1,,0,0,0,0,0,0,0,Not specified,Not specified,Not specified,Not specified,Not specified,Not Specified:Other,Not specified,Not specified,,Not specified,Not specified,0,Not specified,Not specified,Not specified,Not specified,Not specified,2020-07-10T07:00:26.359+0300
Unidentified,Unidentified,0,2020-07-10,07:00,Seen,-3.352384,39.937209,,1,false,Alive,2,,0,0,0,0,0,0,0,Not specified,Not specified,Not specified,Not specified,Not specified,Not Specified:Other,Not specified,Not specified,,Not specified,Not specified,0,Not specified,Not specified,Not specified,Not specified,Not specified,2020-07-10T07:00:42.867+0300
Ring-necked Dove,Streptopelia capicola,316,2020-07-10,07:01,Heard,-3.352414,39.937214,,1,false,Alive,2,,0,0,0,0,0,0,0,Not specified,Not specified,Not specified,Not specified,Not specified,Not Specified:Other,Not specified,Not specified,,Not specified,Not specified,0,Not specified,Not specified,Not specified,Not specified,Not specified,2020-07-10T07:01:00.864+0300
Grassland Pipit,Anthus cinnamomeus,692,2020-07-10,07:01,Seen,-3.352468,39.937208,,1,false,Alive,1,,0,0,0,0,0,0,0,Not specified,Not specified,Not specified,Not specified,Not specified,Not Specified:Other,Not specified,Not specified,,Not specified,Not specified,0,Not specified,Not specified,Not specified,Not specified,Not specified,2020-07-10T07:01:35.360+0300
Tawny-flanked Prinia,Prinia subflava,649,2020-07-10,07:01,Heard,-3.352506,39.937196,,1,false,Alive,0,,0,0,0,0,0,0,0,Not specified,Not specified,Not specified,Not specified,Not specified,Not Specified:Other,Not specified,Not specified,,Not specified,Not specified,0,Not specified,Not specified,Not specified,Not specified,Not specified,2020-07-10T07:01:59.523+0300
Yellow-fronted Canary,Crithagra mozambica,859,2020-07-10,07:02,Heard,-3.352518,39.937203,,1,false,Alive,-1,,0,0,0,0,0,0,0,Not specified,Not specified,Not specified,Not specified,Not specified,Not Specified:Other,Not specified,Not specified,,Not specified,Not specified,0,Not specified,Not specified,Not specified,Not specified,Not specified,2020-07-10T07:02:14.749+0300
Black-crowned Tchagra,Tchagra senegalus,715,2020-07-10,07:02,Heard,-3.352546,39.937202,,1,false,Alive,0,,0,0,0,0,0,0,0,Not specified,Not specified,Not specified,Not specified,Not specified,Not Specified:Other,Not specified,Not specified,,Not specified,Not specified,0,Not specified,Not specified,Not specified,Not specified,Not specified,2020-07-10T07:02:27.421+0300
Common Bulbul,Pycnonotus barbatus,11491,2020-07-10,07:02,Heard,-3.352584,39.937204,,1,false,Alive,0,,0,0,0,0,0,0,0,Not specified,Not specified,Not specified,Not specified,Not specified,Not Specified:Other,Not specified,Not specified,,Not specified,Not specified,0,Not specified,Not specified,Not specified,Not specified,Not specified,2020-07-10T07:02:49.530+0300
House Crow,Corvus splendens,989,2020-07-10,07:03,Seen,-3.35261,39.937189,,1,false,Alive,-1,,0,0,0,0,0,0,0,Not specified,Not specified,Not specified,Not specified,Not specified,Not Specified:Other,Not specified,Not specified,,Not specified,Not specified,0,Not specified,Not specified,Not specified,Not specified,Not specified,2020-07-10T07:03:00.838+0300
Northern Grey-headed Sparrow (Parrot-billed),Passer griseus gongonensis,3834,2020-07-10,07:03,Seen,-3.35263,39.937196,,1,false,Alive,-2,,0,0,0,0,0,0,0,Not specified,Not specified,Not specified,Not specified,Not specified,Not Specified:Other,Not specified,Not specified,,Not specified,Not specified,0,Not specified,Not specified,Not specified,Not specified,Not specified,2020-07-10T07:03:32.793+0300
Winding Cisticola (Coastal),Cisticola galactotes haematocephalus,3132,2020-07-10,07:04,Heard,-3.352743,39.93721,,1,false,Alive,1,,0,0,0,0,0,0,0,Not specified,Not specified,Not specified,Not specified,Not specified,Not Specified:Other,Not specified,Not specified,,Not specified,Not specified,0,Not specified,Not specified,Not specified,Not specified,Not specified,2020-07-10T07:04:05.052+0300
Common Drongo,Dicrurus adsimilis,517,2020-07-10,07:04,Heard,-3.352767,39.937192,,1,false,Alive,2,,0,0,0,0,0,0,0,Not specified,Not specified,Not specified,Not specified,Not specified,Not Specified:Other,Not specified,Not specified,,Not specified,Not specified,0,Not specified,Not specified,Not specified,Not specified,Not specified,2020-07-10T07:04:21.916+0300
Striped Kingfisher,Halcyon chelicuti,403,2020-07-10,07:06,Heard,-3.35114,39.934858,,1,false,Alive,,,0,0,0,0,0,0,0,Not specified,Not specified,Not specified,Not specified,Not specified,Not Specified:Other,Not specified,Not specified,,Not specified,Not specified,0,Not specified,Not specified,Not specified,Not specified,Not specified,2020-07-10T07:06:22.812+0300
Black-headed Oriole,Oriolus larvatus,521,2020-07-10,07:06,Heard,-3.353146,39.937171,,1,false,Alive,-1,,0,0,0,0,0,0,0,Not specified,Not specified,Not specified,Not specified,Not specified,Not Specified:Other,Not specified,Not specified,,Not specified,Not specified,0,Not specified,Not specified,Not specified,Not specified,Not specified,2020-07-10T07:06:44.058+0300
Bronze Mannikin,Spermestes cucullata,823,2020-07-10,07:08,Heard,-3.353361,39.937092,,1,false,Alive,0,,0,0,0,0,0,0,0,Not specified,Not specified,Not specified,Not specified,Not specified,Not Specified:Other,Not specified,Not specified,,Not specified,Not specified,0,Not specified,Not specified,Not specified,Not specified,Not specified,2020-07-10T07:08:07.672+0300
Malachite Kingfisher,Corythornis cristatus,397,2020-07-10,07:10,Seen,-3.353659,39.937067,,1,false,Alive,0,,0,0,0,0,0,0,0,Not specified,Not specified,Not specified,Not specified,Not specified,Not Specified:Other,Not specified,Not specified,,Not specified,Not specified,0,Not specified,Not specified,Not specified,Not specified,Not specified,2020-07-10T07:10:10.016+0300
Purple-banded Sunbird,Cinnyris bifasciatus,756,2020-07-10,07:11,Seen,-3.353809,39.93709,,1,false,Alive,0,,0,0,0,0,0,0,0,Not specified,Not specified,Not specified,Not specified,Not specified,Not Specified:Other,Not specified,Not specified,,Not specified,Not specified,0,Not specified,Not specified,Not specified,Not specified,Not specified,2020-07-10T07:11:21.884+0300
Three-banded Plover,Charadrius tricollaris,238,2020-07-10,07:11,Heard,-3.353878,39.937112,,1,false,Alive,0,,0,0,0,0,0,0,0,Not specified,Not specified,Not specified,Not specified,Not specified,Not Specified:Other,Not specified,Not specified,,Not specified,Not specified,0,Not specified,Not specified,Not specified,Not specified,Not specified,2020-07-10T07:11:54.476+0300
Grey-headed Bushshrike,Malaconotus blanchoti,723,2020-07-10,07:12,Heard,-3.353934,39.937112,,1,false,Alive,0,,0,0,0,0,0,0,0,Not specified,Not specified,Not specified,Not specified,Not specified,Not Specified:Other,Not specified,Not specified,,Not specified,Not specified,0,Not specified,Not specified,Not specified,Not specified,Not specified,2020-07-10T07:12:13.874+0300
Tawny-flanked Prinia,Prinia subflava,649,2020-07-10,07:12,Seen,-3.354053,39.937161,,1,false,Alive,0,,0,0,0,0,0,0,0,Not specified,Not specified,Not specified,Not specified,Not specified,Not Specified:Other,Not specified,Not specified,,Not specified,Not specified,0,Not specified,Not specified,Not specified,Not specified,Not specified,2020-07-10T07:12:47.876+0300
Red-cheeked Cordon-bleu,Uraeginthus bengalus,3974,2020-07-10,07:13,Seen,-3.354127,39.937176,,1,false,Alive,0,,0,0,0,0,0,0,0,Not specified,Not specified,Not specified,Not specified,Not specified,Not Specified:Other,Not specified,Not specified,,Not specified,Not specified,0,Not specified,Not specified,Not specified,Not specified,Not specified,2020-07-10T07:13:16.792+0300
Great White Egret,Ardea alba,58,2020-07-10,07:14,Seen,-3.354125,39.937175,,1,false,Alive,0,,0,0,0,0,0,0,0,Not specified,Not specified,Not specified,Not specified,Not specified,Not Specified:Other,Not specified,Not specified,,Not specified,Not specified,0,Not specified,Not specified,Not specified,Not specified,Not specified,2020-07-10T07:14:13.174+0300
Black-crowned Tchagra,Tchagra senegalus,715,2020-07-10,07:14,Heard,-3.35419,39.937201,,1,false,Alive,1,,0,0,0,0,0,0,0,Not specified,Not specified,Not specified,Not specified,Not specified,Not Specified:Other,Not specified,Not specified,,Not specified,Not specified,0,Not specified,Not specified,Not specified,Not specified,Not specified,2020-07-10T07:14:50.088+0300
Village Weaver,Ploceus cucullatus,797,2020-07-10,07:15,Seen,-3.354248,39.937206,,1,false,Alive,0,,0,0,0,0,0,0,0,Not specified,Not specified,Not specified,Not specified,Not specified,Not Specified:Other,Not specified,Not specified,,Not specified,Not specified,0,Not specified,Not specified,Not specified,Not specified,Not specified,2020-07-10T07:15:05.961+0300
African Pied Wagtail,Motacilla aguimp,685,2020-07-10,07:15,Heard,-3.354304,39.937225,,1,false,Alive,-1,,0,0,0,0,0,0,0,Not specified,Not specified,Not specified,Not specified,Not specified,Not Specified:Other,Not specified,Not specified,,Not specified,Not specified,0,Not specified,Not specified,Not specified,Not specified,Not specified,2020-07-10T07:15:35.868+0300
Yellow-billed Egret,Ardea intermedia,60,2020-07-10,07:16,Seen,-3.354375,39.937288,,1,false,Alive,0,,0,0,0,0,0,0,0,Not specified,Not specified,Not specified,Not specified,Not specified,Not Specified:Other,Not specified,Not specified,,Not specified,Not specified,0,Not specified,Not specified,Not specified,Not specified,Not specified,2020-07-10T07:16:57.642+0300
Common Drongo,Dicrurus adsimilis,517,2020-07-10,07:17,Seen,-3.354491,39.93743,,1,false,Alive,0,,0,0,0,0,0,0,0,Not specified,Not specified,Not specified,Not specified,Not specified,Not Specified:Other,Not specified,Not specified,,Not specified,Not specified,0,Not specified,Not specified,Not specified,Not specified,Not specified,2020-07-10T07:17:50.740+0300
Red-eyed Dove,Streptopelia semitorquata,314,2020-07-10,07:18,Heard,-3.354538,39.937492,,1,false,Alive,0,,0,0,0,0,0,0,0,Not specified,Not specified,Not specified,Not specified,Not specified,Not Specified:Other,Not specified,Not specified,,Not specified,Not specified,0,Not specified,Not specified,Not specified,Not specified,Not specified,2020-07-10T07:18:19.075+0300
Zanzibar Greenbul,Andropadus importunus,551,2020-07-10,07:24,Heard,-3.355422,39.938163,,1,false,Alive,1,,0,0,0,0,0,0,0,Not specified,Not specified,Not specified,Not specified,Not specified,Not Specified:Other,Not specified,Not specified,,Not specified,Not specified,0,Not specified,Not specified,Not specified,Not specified,Not specified,2020-07-10T07:24:16.387+0300
African Bare-eyed Thrush,Turdus tephronotus,2750,2020-07-10,07:25,Heard,-3.355437,39.938203,,1,false,Alive,1,,0,0,0,0,0,0,0,Not specified,Not specified,Not specified,Not specified,Not specified,Not Specified:Other,Not specified,Not specified,,Not specified,Not specified,0,Not specified,Not specified,Not specified,Not specified,Not specified,2020-07-10T07:25:08.326+0300
Olive-bellied Sunbird,Cinnyris chloropygius,1117,2020-07-10,07:27,Seen,-3.355963,39.938245,,1,false,Alive,1,,0,0,0,0,0,0,0,Not specified,Not specified,Not specified,Not specified,Not specified,Not Specified:Other,Not specified,Not specified,,Not specified,Not specified,0,Not specified,Not specified,Not specified,Not specified,Not specified,2020-07-10T07:27:35.234+0300
African Paradise Flycatcher,Terpsiphone viridis,682,2020-07-10,07:30,Heard,-3.356759,39.938059,,1,false,Alive,1,,0,0,0,0,0,0,0,Not specified,Not specified,Not specified,Not specified,Not specified,Not Specified:Other,Not specified,Not specified,,Not specified,Not specified,0,Not specified,Not specified,Not specified,Not specified,Not specified,2020-07-10T07:30:58.565+0300
African Palm Swift,Cypsiurus parvus,387,2020-07-10,07:31,Heard,-3.356805,39.938039,,1,false,Alive,0,,0,0,0,0,0,0,0,Not specified,Not specified,Not specified,Not specified,Not specified,Not Specified:Other,Not specified,Not specified,,Not specified,Not specified,0,Not specified,Not specified,Not specified,Not specified,Not specified,2020-07-10T07:31:30.119+0300
Barn Swallow,Hirundo rustica,493,2020-07-10,07:33,Seen,-3.357161,39.937874,,1,false,Alive,1,,0,0,0,0,0,0,0,Not specified,Not specified,Not specified,Not specified,Not specified,Not Specified:Other,Not specified,Not specified,,Not specified,Not specified,0,Not specified,Not specified,Not specified,Not specified,Not specified,2020-07-10T07:33:17.066+0300
Mangrove Kingfisher,Halcyon senegaloides,400,2020-07-10,07:35,Seen,-3.35768,39.937785,We saw Mk along the path flew in to the bushes then in to the mongreves.we played the call bt he didn't respond!!,1,false,Alive,0,,0,0,0,0,0,0,0,Not specified,Not specified,Not specified,Not specified,Not specified,Not Specified:Other,Not specified,Not specified,,Not specified,Not specified,0,Not specified,Not specified,Not specified,Not specified,Not specified,2020-07-10T07:35:35.110+0300
Hadeda,Bostrychia hagedash,84,2020-07-10,07:39,Heard,-3.357543,39.937911,,1,false,Alive,0,,0,0,0,0,0,0,0,Not specified,Not specified,Not specified,Not specified,Not specified,Not Specified:Other,Not specified,Not specified,,Not specified,Not specified,0,Not specified,Not specified,Not specified,Not specified,Not specified,2020-07-10T07:39:43.203+0300
Speckled Mousebird,Colius striatus,390,2020-07-10,07:44,Seen,-3.357673,39.937911,,1,false,Alive,2,,0,0,0,0,0,0,0,Not specified,Not specified,Not specified,Not specified,Not specified,Not Specified:Other,Not specified,Not specified,,Not specified,Not specified,0,Not specified,Not specified,Not specified,Not specified,Not specified,2020-07-10T07:44:33.642+0300
Grey-backed Camaroptera,Camaroptera brachyura,627,2020-07-10,07:45,Heard,-3.357751,39.937926,,1,false,Alive,1,,0,0,0,0,0,0,0,Not specified,Not specified,Not specified,Not specified,Not specified,Not Specified:Other,Not specified,Not specified,,Not specified,Not specified,0,Not specified,Not specified,Not specified,Not specified,Not specified,2020-07-10T07:45:05.065+0300
African Golden Oriole,Oriolus auratus,520,2020-07-10,07:48,Seen,-3.358367,39.937774,,1,false,Alive,0,,0,0,0,0,0,0,0,Not specified,Not specified,Not specified,Not specified,Not specified,Not Specified:Other,Not specified,Not specified,,Not specified,Not specified,0,Not specified,Not specified,Not specified,Not specified,Not specified,2020-07-10T07:48:07.591+0300
Black-bellied Starling,Notopholia corusca,740,2020-07-10,07:51,Seen,-3.359057,39.937789,,1,false,Alive,-2,,0,0,0,0,0,0,0,Not specified,Not specified,Not specified,Not specified,Not specified,Not Specified:Other,Not specified,Not specified,,Not specified,Not specified,0,Not specified,Not specified,Not specified,Not specified,Not specified,2020-07-10T07:51:26.075+0300
Yellowbill,Ceuthmochares aereus australis,358,2020-07-10,07:57,Seen,-3.35987,39.938312,,1,false,Alive,0,,0,0,0,0,0,0,0,Not specified,Not specified,Not specified,Not specified,Not specified,Not Specified:Other,Not specified,Not specified,,Not specified,Not specified,0,Not specified,Not specified,Not specified,Not specified,Not specified,2020-07-10T07:57:13.953+0300
Unidentified,Unidentified,0,2020-07-10,08:00,Seen,-3.360896,39.9384,,1,false,Alive,1,,0,0,0,0,0,0,0,Not specified,Not specified,Not specified,Not specified,Not specified,Not Specified:Other,Not specified,Not specified,,Not specified,Not specified,0,Not specified,Not specified,Not specified,Not specified,Not specified,2020-07-10T08:00:22.008+0300
Unidentified,Unidentified,0,2020-07-10,08:00,Seen,-3.360928,39.938405,,1,false,Alive,1,,0,0,0,0,0,0,0,Not specified,Not specified,Not specified,Not specified,Not specified,Not Specified:Other,Not specified,Not specified,,Not specified,Not specified,0,Not specified,Not specified,Not specified,Not specified,Not specified,2020-07-10T08:00:30.868+0300
Purple-breasted Sunbird,Nectarinia purpureiventris,3662,2020-07-10,08:01,Seen,-3.361056,39.938374,,1,false,Alive,1,,0,0,0,0,0,0,0,Not specified,Not specified,Not specified,Not specified,Not specified,Not Specified:Other,Not specified,Not specified,,Not specified,Not specified,0,Not specified,Not specified,Not specified,Not specified,Not specified,2020-07-10T08:01:02.527+0300
Grey-headed Bushshrike,Malaconotus blanchoti,723,2020-07-10,08:01,Heard,-3.361124,39.938311,,1,false,Alive,1,,0,0,0,0,0,0,0,Not specified,Not specified,Not specified,Not specified,Not specified,Not Specified:Other,Not specified,Not specified,,Not specified,Not specified,0,Not specified,Not specified,Not specified,Not specified,Not specified,2020-07-10T08:01:25.460+0300
Ring-necked Dove,Streptopelia capicola,316,2020-07-10,08:01,Heard,-3.361189,39.938305,,1,false,Alive,0,,0,0,0,0,0,0,0,Not specified,Not specified,Not specified,Not specified,Not specified,Not Specified:Other,Not specified,Not specified,,Not specified,Not specified,0,Not specified,Not specified,Not specified,Not specified,Not specified,2020-07-10T08:01:43.158+0300
Common Drongo,Dicrurus adsimilis,517,2020-07-10,08:02,Seen,-3.361293,39.938271,,1,false,Alive,-1,,0,0,0,0,0,0,0,Not specified,Not specified,Not specified,Not specified,Not specified,Not Specified:Other,Not specified,Not specified,,Not specified,Not specified,0,Not specified,Not specified,Not specified,Not specified,Not specified,2020-07-10T08:02:14.911+0300
Winding Cisticola,Cisticola galactotes luapula,3138,2020-07-10,08:04,Heard,-3.361686,39.938256,,1,false,Alive,-4,,0,0,0,0,0,0,0,Not specified,Not specified,Not specified,Not specified,Not specified,Not Specified:Other,Not specified,Not specified,,Not specified,Not specified,0,Not specified,Not specified,Not specified,Not specified,Not specified,2020-07-10T08:04:03.528+0300
Tawny-flanked Prinia,Prinia subflava,649,2020-07-10,08:04,Heard,-3.361759,39.938249,,1,false,Alive,-4,,0,0,0,0,0,0,0,Not specified,Not specified,Not specified,Not specified,Not specified,Not Specified:Other,Not specified,Not specified,,Not specified,Not specified,0,Not specified,Not specified,Not specified,Not specified,Not specified,2020-07-10T08:04:23.569+0300
Black-crowned Tchagra,Tchagra senegalus,715,2020-07-10,08:04,Heard,-3.361779,39.938256,,1,false,Alive,-5,,0,0,0,0,0,0,0,Not specified,Not specified,Not specified,Not specified,Not specified,Not Specified:Other,Not specified,Not specified,,Not specified,Not specified,0,Not specified,Not specified,Not specified,Not specified,Not specified,2020-07-10T08:04:43.047+0300
Black-bellied Starling,Notopholia corusca,740,2020-07-10,08:05,Heard,-3.361795,39.938273,,1,false,Alive,-5,,0,0,0,0,0,0,0,Not specified,Not specified,Not specified,Not specified,Not specified,Not Specified:Other,Not specified,Not specified,,Not specified,Not specified,0,Not specified,Not specified,Not specified,Not specified,Not specified,2020-07-10T08:05:04.290+0300
Striped Kingfisher,Halcyon chelicuti,403,2020-07-10,08:05,Heard,-3.361876,39.938318,,1,false,Alive,-5,,0,0,0,0,0,0,0,Not specified,Not specified,Not specified,Not specified,Not specified,Not Specified:Other,Not specified,Not specified,,Not specified,Not specified,0,Not specified,Not specified,Not specified,Not specified,Not specified,2020-07-10T08:05:24.814+0300
Common Bulbul,Pycnonotus barbatus,11491,2020-07-10,08:05,Heard,-3.361949,39.938295,,1,false,Alive,-5,,0,0,0,0,0,0,0,Not specified,Not specified,Not specified,Not specified,Not specified,Not Specified:Other,Not specified,Not specified,,Not specified,Not specified,0,Not specified,Not specified,Not specified,Not specified,Not specified,2020-07-10T08:05:47.057+0300
Red-capped Robin Chat,Cossypha natalensis,579,2020-07-10,08:07,Heard,-3.362247,39.938294,,1,false,Alive,0,,0,0,0,0,0,0,0,Not specified,Not specified,Not specified,Not specified,Not specified,Not Specified:Other,Not specified,Not specified,,Not specified,Not specified,0,Not specified,Not specified,Not specified,Not specified,Not specified,2020-07-10T08:07:30.059+0300
Golden Palm Weaver,Ploceus bojeri,3898,2020-07-10,08:13,Heard,-3.36346,39.938061,,1,false,Alive,1,,0,0,0,0,0,0,0,Not specified,Not specified,Not specified,Not specified,Not specified,Not Specified:Other,Not specified,Not specified,,Not specified,Not specified,0,Not specified,Not specified,Not specified,Not specified,Not specified,2020-07-10T08:13:41.696+0300
Black-headed Oriole,Oriolus larvatus,521,2020-07-10,08:15,Heard,-3.363957,39.93834,,1,false,Alive,1,,0,0,0,0,0,0,0,Not specified,Not specified,Not specified,Not specified,Not specified,Not Specified:Other,Not specified,Not specified,,Not specified,Not specified,0,Not specified,Not specified,Not specified,Not specified,Not specified,2020-07-10T08:15:01.859+0300
Amethyst Sunbird,Chalcomitra amethystina,772,2020-07-10,08:16,Heard,-3.364289,39.938533,,1,false,Alive,0,,0,0,0,0,0,0,0,Not specified,Not specified,Not specified,Not specified,Not specified,Not Specified:Other,Not specified,Not specified,,Not specified,Not specified,0,Not specified,Not specified,Not specified,Not specified,Not specified,2020-07-10T08:16:26.217+0300
Red-eyed Dove,Streptopelia semitorquata,314,2020-07-10,08:17,Heard,-3.36459,39.93858,,1,false,Alive,0,,0,0,0,0,0,0,0,Not specified,Not specified,Not specified,Not specified,Not specified,Not Specified:Other,Not specified,Not specified,,Not specified,Not specified,0,Not specified,Not specified,Not specified,Not specified,Not specified,2020-07-10T08:17:50.675+0300
Speckled Mousebird,Colius striatus,390,2020-07-10,08:20,Heard,-3.365488,39.939009,,1,false,Alive,-1,,0,0,0,0,0,0,0,Not specified,Not specified,Not specified,Not specified,Not specified,Not Specified:Other,Not specified,Not specified,,Not specified,Not specified,0,Not specified,Not specified,Not specified,Not specified,Not specified,2020-07-10T08:20:50.465+0300
Lizard Buzzard,Kaupifalco monogrammicus,144,2020-07-10,08:28,Seen,-3.367057,39.940324,,1,false,Alive,-20,,0,0,0,0,0,0,0,Not specified,Not specified,Not specified,Not specified,Not specified,Not Specified:Other,Not specified,Not specified,,Not specified,Not specified,0,Not specified,Not specified,Not specified,Not specified,Not specified,2020-07-10T08:28:50.943+0300
African Palm Swift,Cypsiurus parvus,387,2020-07-10,08:36,Seen,-3.368009,39.941169,,1,false,Alive,-28,,0,0,0,0,0,0,0,Not specified,Not specified,Not specified,Not specified,Not specified,Not Specified:Other,Not specified,Not specified,,Not specified,Not specified,0,Not specified,Not specified,Not specified,Not specified,Not specified,2020-07-10T08:36:49.538+0300
Mangrove Kingfisher,Halcyon senegaloides,400,2020-07-10,08:37,Heard,-3.368019,39.941183,Mk was calling from a distance!!,1,false,Alive,-21,,0,0,0,0,0,0,0,Not specified,Not specified,Not specified,Not specified,Not specified,Not Specified:Other,Not specified,Not specified,,Not specified,Not specified,0,Not specified,Not specified,Not specified,Not specified,Not specified,2020-07-10T08:37:10.183+0300
Willow Warbler,Phylloscopus trochilus,599,2020-07-10,08:45,Seen,-3.368433,39.940118,,1,false,Alive,51,,0,0,0,0,0,0,0,Not specified,Not specified,Not specified,Not specified,Not specified,Not Specified:Other,Not specified,Not specified,,Not specified,Not specified,0,Not specified,Not specified,Not specified,Not specified,Not specified,2020-07-10T08:45:15.131+0300
African Paradise Flycatcher,Terpsiphone viridis,682,2020-07-10,08:49,Seen,-3.368724,39.939473,,1,false,Alive,10,,0,0,0,0,0,0,0,Not specified,Not specified,Not specified,Not specified,Not specified,Not Specified:Other,Not specified,Not specified,,Not specified,Not specified,0,Not specified,Not specified,Not specified,Not specified,Not specified,2020-07-10T08:49:35.504+0300
Pale Batis,Batis soror,675,2020-07-10,08:50,Heard,-3.368678,39.939463,,1,false,Alive,9,,0,0,0,0,0,0,0,Not specified,Not specified,Not specified,Not specified,Not specified,Not Specified:Other,Not specified,Not specified,,Not specified,Not specified,0,Not specified,Not specified,Not specified,Not specified,Not specified,2020-07-10T08:50:12.638+0300
Woolly-necked Stork,Ciconia episcopus,77,2020-07-10,08:53,Heard,-3.368739,39.939216,,1,false,Alive,-5,,0,0,0,0,0,0,0,Not specified,Not specified,Not specified,Not specified,Not specified,Not Specified:Other,Not specified,Not specified,,Not specified,Not specified,0,Not specified,Not specified,Not specified,Not specified,Not specified,2020-07-10T08:53:01.767+0300
Emerald-spotted Wood Dove,Turtur chalcospilos,321,2020-07-10,08:53,Heard,-3.368785,39.939044,,1,false,Alive,-9,,0,0,0,0,0,0,0,Not specified,Not specified,Not specified,Not specified,Not specified,Not Specified:Other,Not specified,Not specified,,Not specified,Not specified,0,Not specified,Not specified,Not specified,Not specified,Not specified,2020-07-10T08:53:42.210+0300
Black Kite (resident),Milvus migrans aegyptius/parasitus,129,2020-07-10,08:57,Seen,-3.369315,39.938372,,1,false,Alive,-9,,0,0,0,0,0,0,0,Not specified,Not specified,Not specified,Not specified,Not specified,Not Specified:Other,Not specified,Not specified,,Not specified,Not specified,0,Not specified,Not specified,Not specified,Not specified,Not specified,2020-07-10T08:57:36.336+0300
Barn Swallow,Hirundo rustica,493,2020-07-10,08:59,Seen,-3.369483,39.938007,,1,false,Alive,-9,,0,0,0,0,0,0,0,Not specified,Not specified,Not specified,Not specified,Not specified,Not Specified:Other,Not specified,Not specified,,Not specified,Not specified,0,Not specified,Not specified,Not specified,Not specified,Not specified,2020-07-10T08:59:41.106+0300
Little Swift,Apus affinis,385,2020-07-10,09:00,Seen,-3.36952,39.938072,,1,false,Alive,-9,,0,0,0,0,0,0,0,Not specified,Not specified,Not specified,Not specified,Not specified,Not Specified:Other,Not specified,Not specified,,Not specified,Not specified,0,Not specified,Not specified,Not specified,Not specified,Not specified,2020-07-10T09:00:08.156+0300
Unidentified,Unidentified,0,2020-07-10,09:00,Seen,-3.369523,39.938046,,1,false,Alive,-8,,0,0,0,0,0,0,0,Not specified,Not specified,Not specified,Not specified,Not specified,Not Specified:Other,Not specified,Not specified,,Not specified,Not specified,0,Not specified,Not specified,Not specified,Not specified,Not specified,2020-07-10T09:00:17.713+0300
Unidentified,Unidentified,0,2020-07-10,09:00,Seen,-3.369545,39.938038,,1,false,Alive,-8,,0,0,0,0,0,0,0,Not specified,Not specified,Not specified,Not specified,Not specified,Not Specified:Other,Not specified,Not specified,,Not specified,Not specified,0,Not specified,Not specified,Not specified,Not specified,Not specified,2020-07-10T09:00:23.792+0300
Yellow-fronted Canary,Crithagra mozambica,859,2020-07-10,09:00,Heard,-3.369566,39.938006,,1,false,Alive,-9,,0,0,0,0,0,0,0,Not specified,Not specified,Not specified,Not specified,Not specified,Not Specified:Other,Not specified,Not specified,,Not specified,Not specified,0,Not specified,Not specified,Not specified,Not specified,Not specified,2020-07-10T09:00:41.806+0300
Emerald-spotted Wood Dove,Turtur chalcospilos,321,2020-07-10,09:01,Heard,-3.369623,39.937913,,1,false,Alive,-10,,0,0,0,0,0,0,0,Not specified,Not specified,Not specified,Not specified,Not specified,Not Specified:Other,Not specified,Not specified,,Not specified,Not specified,0,Not specified,Not specified,Not specified,Not specified,Not specified,2020-07-10T09:01:13.097+0300
African Palm Swift,Cypsiurus parvus,387,2020-07-10,09:01,Seen,-3.369634,39.937836,,1,false,Alive,-10,,0,0,0,0,0,0,0,Not specified,Not specified,Not specified,Not specified,Not specified,Not Specified:Other,Not specified,Not specified,,Not specified,Not specified,0,Not specified,Not specified,Not specified,Not specified,Not specified,2020-07-10T09:01:41.401+0300
Bronze Mannikin,Spermestes cucullata,823,2020-07-10,09:01,Heard,-3.369651,39.937814,,1,false,Alive,-9,,0,0,0,0,0,0,0,Not specified,Not specified,Not specified,Not specified,Not specified,Not Specified:Other,Not specified,Not specified,,Not specified,Not specified,0,Not specified,Not specified,Not specified,Not specified,Not specified,2020-07-10T09:01:58.229+0300
Village Weaver,Ploceus cucullatus,797,2020-07-10,09:02,Seen,-3.369653,39.937812,,1,false,Alive,-9,,0,0,0,0,0,0,0,Not specified,Not specified,Not specified,Not specified,Not specified,Not Specified:Other,Not specified,Not specified,,Not specified,Not specified,0,Not specified,Not specified,Not specified,Not specified,Not specified,2020-07-10T09:02:31.492+0300
Black-bellied Starling,Notopholia corusca,740,2020-07-10,09:02,Heard,-3.369672,39.937776,,1,false,Alive,-8,,0,0,0,0,0,0,0,Not specified,Not specified,Not specified,Not specified,Not specified,Not Specified:Other,Not specified,Not specified,,Not specified,Not specified,0,Not specified,Not specified,Not specified,Not specified,Not specified,2020-07-10T09:02:53.137+0300
Olive Sunbird,Cyanomitra olivacea,766,2020-07-10,09:05,Heard,-3.369726,39.937575,,1,false,Alive,-9,,0,0,0,0,0,0,0,Not specified,Not specified,Not specified,Not specified,Not specified,Not Specified:Other,Not specified,Not specified,,Not specified,Not specified,0,Not specified,Not specified,Not specified,Not specified,Not specified,2020-07-10T09:05:03.409+0300
Striped Kingfisher,Halcyon chelicuti,403,2020-07-10,09:08,Heard,-3.369884,39.937068,,1,false,Alive,-9,,0,0,0,0,0,0,0,Not specified,Not specified,Not specified,Not specified,Not specified,Not Specified:Other,Not specified,Not specified,,Not specified,Not specified,0,Not specified,Not specified,Not specified,Not specified,Not specified,2020-07-10T09:08:12.616+0300
Tawny-flanked Prinia,Prinia subflava,649,2020-07-10,09:08,Heard,-3.369899,39.93707,,1,false,Alive,-9,,0,0,0,0,0,0,0,Not specified,Not specified,Not specified,Not specified,Not specified,Not Specified:Other,Not specified,Not specified,,Not specified,Not specified,0,Not specified,Not specified,Not specified,Not specified,Not specified,2020-07-10T09:08:27.358+0300
Black-crowned Tchagra,Tchagra senegalus,715,2020-07-10,09:08,Heard,-3.369914,39.93701,,1,false,Alive,-10,,0,0,0,0,0,0,0,Not specified,Not specified,Not specified,Not specified,Not specified,Not Specified:Other,Not specified,Not specified,,Not specified,Not specified,0,Not specified,Not specified,Not specified,Not specified,Not specified,2020-07-10T09:08:42.075+0300
Common Bulbul,Pycnonotus barbatus,11491,2020-07-10,09:12,Seen,-3.370265,39.936472,,1,false,Alive,-10,,0,0,0,0,0,0,0,Not specified,Not specified,Not specified,Not specified,Not specified,Not Specified:Other,Not specified,Not specified,,Not specified,Not specified,0,Not specified,Not specified,Not specified,Not specified,Not specified,2020-07-10T09:12:56.821+0300
Purple-banded Sunbird,Cinnyris bifasciatus,756,2020-07-10,09:16,Heard,-3.371041,39.936135,,1,false,Alive,-12,,0,0,0,0,0,0,0,Not specified,Not specified,Not specified,Not specified,Not specified,Not Specified:Other,Not specified,Not specified,,Not specified,Not specified,0,Not specified,Not specified,Not specified,Not specified,Not specified,2020-07-10T09:16:28.311+0300
African Paradise Flycatcher,Terpsiphone viridis,682,2020-07-10,09:19,Seen,-3.371344,39.935532,,1,false,Alive,-12,,0,0,0,0,0,0,0,Not specified,Not specified,Not specified,Not specified,Not specified,Not Specified:Other,Not specified,Not specified,,Not specified,Not specified,0,Not specified,Not specified,Not specified,Not specified,Not specified,2020-07-10T09:19:57.768+0300
Northern Grey-headed Sparrow (Parrot-billed),Passer griseus gongonensis,3834,2020-07-10,09:21,Seen,-3.371412,39.935176,,1,false,Alive,-12,,0,0,0,0,0,0,0,Not specified,Not specified,Not specified,Not specified,Not specified,Not Specified:Other,Not specified,Not specified,,Not specified,Not specified,0,Not specified,Not specified,Not specified,Not specified,Not specified,2020-07-10T09:21:52.281+0300
Great White Egret,Ardea alba,58,2020-07-10,09:22,Seen,-3.371399,39.935188,,1,false,Alive,-12,,0,0,0,0,0,0,0,Not specified,Not specified,Not specified,Not specified,Not specified,Not Specified:Other,Not specified,Not specified,,Not specified,Not specified,0,Not specified,Not specified,Not specified,Not specified,Not specified,2020-07-10T09:22:11.582+0300
Red-eyed Dove,Streptopelia semitorquata,314,2020-07-10,09:24,Heard,-3.37167,39.934914,,1,false,Alive,-11,,0,0,0,0,0,0,0,Not specified,Not specified,Not specified,Not specified,Not specified,Not Specified:Other,Not specified,Not specified,,Not specified,Not specified,0,Not specified,Not specified,Not specified,Not specified,Not specified,2020-07-10T09:24:33.053+0300
Three-banded Plover,Charadrius tricollaris,238,2020-07-10,09:26,Seen,-3.372077,39.934866,,1,false,Alive,-11,,0,0,0,0,0,0,0,Not specified,Not specified,Not specified,Not specified,Not specified,Not Specified:Other,Not specified,Not specified,,Not specified,Not specified,0,Not specified,Not specified,Not specified,Not specified,Not specified,2020-07-10T09:26:47.150+0300
Barn Swallow,Hirundo rustica,493,2020-07-10,09:30,Seen,-3.372436,39.935323,,1,false,Alive,-11,,0,0,0,0,0,0,0,Not specified,Not specified,Not specified,Not specified,Not specified,Not Specified:Other,Not specified,Not specified,,Not specified,Not specified,0,Not specified,Not specified,Not specified,Not specified,Not specified,2020-07-10T09:30:08.005+0300
Sacred Ibis,Threskiornis aethiopicus,81,2020-07-10,09:32,Seen,-3.372785,39.935846,,1,false,Alive,-11,,0,0,0,0,0,0,0,Not specified,Not specified,Not specified,Not specified,Not specified,Not Specified:Other,Not specified,Not specified,,Not specified,Not specified,0,Not specified,Not specified,Not specified,Not specified,Not specified,2020-07-10T09:32:59.064+0300
Lesser Striped Swallow,Cecropis abyssinica,503,2020-07-10,09:38,Heard,-3.373417,39.935089,,1,false,Alive,-11,,0,0,0,0,0,0,0,Not specified,Not specified,Not specified,Not specified,Not specified,Not Specified:Other,Not specified,Not specified,,Not specified,Not specified,0,Not specified,Not specified,Not specified,Not specified,Not specified,2020-07-10T09:38:38.412+0300
Grassland Pipit,Anthus cinnamomeus,692,2020-07-10,09:38,Seen,-3.373484,39.935005,,1,false,Alive,-8,,0,0,0,0,0,0,0,Not specified,Not specified,Not specified,Not specified,Not specified,Not Specified:Other,Not specified,Not specified,,Not specified,Not specified,0,Not specified,Not specified,Not specified,Not specified,Not specified,2020-07-10T09:38:59.644+0300
Yellow-fronted Canary,Crithagra mozambica,859,2020-07-10,09:41,Heard,-3.373821,39.934478,,1,false,Alive,-8,,0,0,0,0,0,0,0,Not specified,Not specified,Not specified,Not specified,Not specified,Not Specified:Other,Not specified,Not specified,,Not specified,Not specified,0,Not specified,Not specified,Not specified,Not specified,Not specified,2020-07-10T09:41:20.903+0300
Black-headed Heron,Ardea melanocephala,55,2020-07-10,09:42,Seen,-3.37401,39.934465,,1,false,Alive,-8,,0,0,0,0,0,0,0,Not specified,Not specified,Not specified,Not specified,Not specified,Not Specified:Other,Not specified,Not specified,,Not specified,Not specified,0,Not specified,Not specified,Not specified,Not specified,Not specified,2020-07-10T09:42:09.368+0300
Common Drongo,Dicrurus adsimilis,517,2020-07-10,09:43,Seen,-3.374271,39.934339,,1,false,Alive,-8,,0,0,0,0,0,0,0,Not specified,Not specified,Not specified,Not specified,Not specified,Not Specified:Other,Not specified,Not specified,,Not specified,Not specified,0,Not specified,Not specified,Not specified,Not specified,Not specified,2020-07-10T09:43:36.618+0300
Pied Kingfisher,Ceryle rudis,394,2020-07-10,09:43,Seen,-3.374304,39.934317,,1,false,Alive,-8,,0,0,0,0,0,0,0,Not specified,Not specified,Not specified,Not specified,Not specified,Not Specified:Other,Not specified,Not specified,,Not specified,Not specified,0,Not specified,Not specified,Not specified,Not specified,Not specified,2020-07-10T09:43:53.501+0300
White-browed Robin Chat,Cossypha heuglini,580,2020-07-10,09:47,Heard,-3.374779,39.934017,,1,false,Alive,-6,,0,0,0,0,0,0,0,Not specified,Not specified,Not specified,Not specified,Not specified,Not Specified:Other,Not specified,Not specified,,Not specified,Not specified,0,Not specified,Not specified,Not specified,Not specified,Not specified,2020-07-10T09:47:37.826+0300
Lilac-breasted Roller,Coracias caudatus,413,2020-07-10,09:47,Seen,-3.374771,39.933981,,1,false,Alive,-5,,0,0,0,0,0,0,0,Not specified,Not specified,Not specified,Not specified,Not specified,Not Specified:Other,Not specified,Not specified,,Not specified,Not specified,0,Not specified,Not specified,Not specified,Not specified,Not specified,2020-07-10T09:47:57.817+0300
Red-cheeked Cordon-bleu,Uraeginthus bengalus,3974,2020-07-10,09:53,Seen,-3.37354,39.933929,,1,false,Alive,0,,0,0,0,0,0,0,0,Not specified,Not specified,Not specified,Not specified,Not specified,Not Specified:Other,Not specified,Not specified,,Not specified,Not specified,0,Not specified,Not specified,Not specified,Not specified,Not specified,2020-07-10T09:53:49.649+0300
African Pied Wagtail,Motacilla aguimp,685,2020-07-10,09:58,Seen,-3.372214,39.934236,,1,false,Alive,-5,,0,0,0,0,0,0,0,Not specified,Not specified,Not specified,Not specified,Not specified,Not Specified:Other,Not specified,Not specified,,Not specified,Not specified,0,Not specified,Not specified,Not specified,Not specified,Not specified,2020-07-10T09:58:46.315+0300
Unidentified,Unidentified,0,2020-07-10,10:00,Seen,-3.371969,39.934273,,1,false,Alive,-5,,0,0,0,0,0,0,0,Not specified,Not specified,Not specified,Not specified,Not specified,Not Specified:Other,Not specified,Not specified,,Not specified,Not specified,0,Not specified,Not specified,Not specified,Not specified,Not specified,2020-07-10T10:00:10.753+0300
Unidentified,Unidentified,0,2020-07-10,10:00,Seen,-3.37187,39.934318,,1,false,Alive,-4,,0,0,0,0,0,0,0,Not specified,Not specified,Not specified,Not specified,Not specified,Not Specified:Other,Not specified,Not specified,,Not specified,Not specified,0,Not specified,Not specified,Not specified,Not specified,Not specified,2020-07-10T10:00:45.109+0300
